Site_Id,Salinity,Oxygen,pH,Depth,Water.Depth,Water.Temp,Air.Temp,year,month
Bay,1.3,11.7,7.3,0.4,0.4,5.9,46.4,1994,1
Bay,1.5,12,7.4,0.2,0.35,3,36.68,1994,1
Bay,1,10.5,7.2,0.25,0.6,5.9,45.68,1994,2
Bay,1,10.1,7.4,0.35,0.5,10,36.86,1994,2
Bay,1,12.6,7.2,0.2,0.4,1.6,32,1994,2
Bay,1,9.9,7.1,0.2,0.9,9.7,59.36,1994,3
Bay,0.5,10.4,7.2,0.25,0.75,9.8,50.18,1994,3
Bay,1,9.2,7.1,0.15,0.95,16.1,71.78,1994,3
Bay,1,9.2,7.2,0.25,0.75,15,56.3,1994,4
Bay,1,8.6,7.3,0.2,0.75,15.7,55.4,1994,4
Bay,1,8.8,7.6,0.2,0.7,17.5,61.88,1994,4
Bay,1,10,7.9,0.2,0.5,19.3,71.78,1994,4
Bay,1.3,9.8,7.5,0.2,0.65,16.1,55.4,1994,5
Bay,1,10.1,7.9,0.25,0.75,18.8,67.1,1994,5
Bay,1,8.2,7.8,0.25,0.8,22.1,72.14,1994,5
Bay,1,10.8,9.1,0.05,0.05,21.7,75.74,1994,5
Bay,1,8.7,8.5,0.35,0.8,22.3,72.86,1994,5
Bay,1,9.4,8.6,0.35,0.8,23.8,78.26,1994,6
Bay,1.2,10.4,9,0.35,0.8,27.9,80.42,1994,6
Bay,1.5,9.8,9,0.35,0.7,29.5,86.9,1994,6
Bay,1.5,7.3,8.1,0.25,1.2,25.5,82.22,1994,6
Bay,2,10.7,9,0.4,0.9,28.5,82.4,1994,7
Bay,2,11,9.4,0.5,0.9,30.5,83.3,1994,6
Bay,2,10.7,9.2,0.45,0.75,29,77.9,1994,8
Bay,2,10.2,9.2,0.4,0.55,22,70.7,1994,8
Bay,2.3,6.9,8.8,0.45,0.9,24.5,68,1994,8
Bay,2,9.1,9.1,0.45,0.9,27,76.1,1994,8
Bay,2.3,9.8,9.3,0.45,0.75,27,80.6,1994,8
Bay,2.5,8.6,8.5,0.2,1.2,17,62.6,1994,9
Bay,2.5,7.9,8.4,0.35,0.6,21,66.2,1994,9
Bay,2.5,8.2,8.1,0.45,0.6,20.5,70.7,1994,9
Bay,2.25,6.9,8.1,0.45,0.8,23,73.4,1994,9
Bay,2.5,8.4,8.1,0.45,0.5,17,62.6,1994,10
Bay,2.5,7.4,7.6,0.35,0.85,18,66.2,1994,10
Bay,2.5,9,7.3,0.2,0.5,15,59,1994,11
Bay,2.8,9.4,7.7,0.25,0.65,13,63.5,1994,11
Bay,2.5,11.4,6.9,0.35,0.4,5,41,1994,12
Bay,3,10.4,6.9,0.15,0.4,8,49.1,1994,12
Bay,1,9.7,7.5,0.15,0.65,10,53.6,1990,1
Bay,3.4,10.8,7.5,0.2,0.6,10,50,1990,2
Bay,3.2,10.6,7,0.2,0.7,10,48.2,1990,2
Bay,4.2,11.6,7.5,0.15,0.39,5,41,1990,2
Bay,2.8,13.8,7,0.5,1.5,2.5,33.8,1990,2
Bay,2.9,11.6,7,0.2,0.4,7,47.3,1990,3
Bay,2.9,9,7,0.15,0.69,17,69.8,1990,3
Bay,2.8,7.8,7,0.22,0.92,15,57.2,1990,3
Bay,3,10.8,7,0.25,0.4,9.5,48.2,1990,3
Bay,1.8,9.6,8,0.15,0.7,5,59,1990,4
Bay,4.1,10.8,7,0.25,0.78,11,53.6,1990,4
Bay,2.5,9.7,7,0.25,0.72,15,57.2,1990,4
Bay,2.8,10.7,7,0.25,0.59,15,59,1990,4
Bay,3.2,10,7,0.88,1.3,18,60.8,1990,4
Bay,4.5,8.9,7,0.25,0.75,17,64.4,1990,5
Bay,3.7,8.4,7,0.32,1,20,66.2,1990,5
Bay,2.1,8.9,7,0.375,0.95,19,68,1990,5
Bay,3.5,6.9,7,0.4,1.22,24,77,1990,6
Bay,3.2,7.9,7,0.35,0.75,24,71.6,1990,6
Bay,3.2,7.7,7,0.32,0.62,23.5,68,1990,6
Bay,3.8,7.9,7,0.35,0.91,26,78.8,1990,6
Bay,3.7,7.8,7,0.35,0.78,24,74.3,1990,7
Bay,4.2,7.5,7.5,0.3,0.82,26,79.7,1990,7
Bay,4.2,6.9,7.75,0.375,0.48,27,78.8,1990,7
Bay,4.2,7.7,8,0.4,0.98,26,78.8,1990,8
Bay,4.2,7.8,8,0.35,0.82,27,80.6,1990,8
Bay,4.2,8.9,8,0.35,0.94,27,83.3,1990,8
Bay,2.9,8.1,8,0.25,0.68,23,75.2,1990,9
Bay,2.4,8.8,8,0.25,0.78,21,64.4,1990,9
Bay,3.5,8.2,8,0.3,0.93,23,71.6,1990,10
Bay,0.7,12.5,8,0.1,0.38,9,50,1990,10
Bay,0.5,11.05,7.5,0.25,0.6,8,46.4,1990,12
Bay,0.7,11.8,8,0.2,0.39,9,46.4,1991,1
Bay,0.4,12.2,8,0.2,0.65,4.5,39.2,1991,1
Bay,0.5,13.2,7.5,0.2,0.65,4.5,40.1,1991,1
Bay,0.5,11.9,7.5,0.25,0.78,9,51.8,1991,1
Bay,0.7,11.1,7.5,0.3,0.41,7.5,46.4,1991,2
Bay,1.2,10.8,7.5,0.2,0.72,12,50.9,1991,2
Bay,0.7,11.8,7.5,0.2,0.28,8,46.4,1991,2
Bay,1.2,10,7.5,0.2,1.6,15,60.8,1991,3
Bay,0.4,12.9,7.5,0.15,0.35,6,39.2,1991,3
Bay,0,9.8,8,0.275,0.94,14,55.4,1991,3
Bay,1.2,10.7,8,0.32,0.78,13,57.2,1991,4
Bay,2.1,8.7,8,0.32,0.83,19,69.8,1991,4
Bay,1.2,8.9,7.5,0.32,0.52,14,59.9,1991,4
Bay,0.9,9.75,7.5,0.2,0.55,12.5,55.4,1991,4
Bay,2.4,8.3,7.5,0.35,0.8,20.5,64.4,1991,4
Bay,2.6,8,7.5,0.35,0.95,21,74.3,1991,5
Bay,1.3,9.5,7.5,0.3,0.5,15.5,59,1991,5
Bay,3,6.9,7.5,0.3,0.7,23,78.8,1991,6
Bay,3.8,6.8,7.5,0.325,1.09,26,80.6,1991,6
Bay,2.8,8.1,7.5,0.25,0.7,21,70.7,1991,6
Bay,1.8,7.8,7.5,0.35,0.95,28,85.1,1991,7
Bay,0,8,7.5,0.99,0.375,27.5,82.4,1991,7
Bay,0.7,8,7.5,0.35,1.025,24.5,79.7,1991,8
Bay,1.8,8.5,8,0.31,0.52,20,69.8,1991,9
Bay,3.5,7.7,7.5,0.28,0.7,21,71.6,1991,10
Bay,9,9.7,7.5,0.2,0.65,13,51.8,1991,10
Bay,4.7,10.2,7.7,0.25,0.75,13,56.3,1991,11
Bay,6.2,11.3,7,0.15,0.8,12,56.3,1991,11
Bay,2.6,9.1,7,0.15,0.85,17,67.1,1991,11
Bay,3.3,10.8,7.5,0.25,0.6,12,59,1991,11
Bay,2,10.4,7.5,0.15,0.25,10,59,1991,12
Bay,1.4,15.1,8,0.2,0.3,2,35.6,1991,12
Bay,2.9,11.6,7.5,0.35,0.49,7,44.6,1991,12
Bay,2,11.8,7.5,0.28,0.45,10,53.6,1992,1
Bay,2.2,11.3,7.5,0.3,0.99,7.5,49.1,1992,1
Bay,1.4,12.6,7,0.2,0.58,2,32.9,1992,1
Bay,1.6,11.6,7,0.25,0.48,6,43.7,1992,1
Bay,2.4,14.2,7,0.25,0.3,3,39.2,1992,2
Bay,2,11.1,7,0.15,0.68,10,44.6,1992,2
Bay,2.4,10,7.5,0.15,0.68,12.5,54.5,1992,2
Bay,2.9,11.3,8,0.2,0.8,13,59.9,1992,3
Bay,3.5,10,7.5,0.25,0.75,16,64.4,1992,3
Bay,2.9,11.6,7.5,0.05,0.35,3,44.6,1992,3
Bay,3,11,7.5,0.25,0.42,9,50,1992,4
Bay,3.8,10.6,7.5,0.1,0.5,13,45.5,1992,4
Bay,4.7,9.4,7,0.2,0.78,17,55.4,1992,4
Bay,3.7,9.6,7,0.35,0.65,14,55.49,1992,4
Bay,3.8,8.9,7.5,0.2,0.6,15.5,50,1992,5
Bay,4.2,9.2,7.5,0.3,0.7,17.5,62.6,1992,5
Bay,5,9.4,7,0.4,0.9,20,68.9,1992,6
Bay,4.3,7.9,7,0.4,1.05,27.5,84.2,1992,6
Bay,5.1,7.8,8,0.4,0.8,25,84.2,1992,6
Bay,4.7,9,7.5,0.45,0.68,19,64.4,1992,6
Bay,4.5,0.8,7.5,0.4,0.8,26,78.8,1992,6
Bay,4.3,7.5,7.5,0.45,1,25,75.2,1992,7
Bay,5.1,7.3,7.5,0.35,0.95,28.5,87.8,1992,7
Bay,5.1,7.6,8,0.35,0.95,28,86.9,1992,7
Bay,4.5,8,8,0.3,0.85,26,78.8,1992,8
Bay,4.7,8,8,0.33,0.6,23,77,1992,8
Bay,4.7,7.1,7.5,0.4,0.95,24.5,71.6,1992,8
Bay,3.9,8.5,8,0.4,0.8,24.5,78.8,1992,8
Bay,4.3,7.7,7.5,0.3,1,23,77,1992,8
Bay,4.8,9.2,8,0.38,0.38,19.5,71.6,1992,9
Bay,4.3,7.6,7.5,0.35,0.8,23.5,75.2,1992,9
Bay,5.4,9.8,8,0.25,0.45,24,79.7,1992,9
Bay,3.9,9.2,7.5,0.1,0.15,16,62.6,1992,10
Bay,4.1,9.8,7.5,0.1,1,12,50,1992,10
Bay,4.2,10.6,7,0.3,0.63,12.5,55.4,1992,10
Bay,3.4,10.6,7.5,0.35,0.65,16.5,63.5,1992,11
Bay,3.9,11,7.5,0.4,0.55,7.5,41.9,1992,11
Bay,3.9,9,7.85,0.25,0.85,18.5,70.7,1992,11
Bay,3.7,10.9,7.5,0.55,0.7,9,46.4,1992,11
Bay,4.1,10.8,7,0.15,0.5,12,59.9,1992,12
Bay,3.8,10.1,7,0.25,0.85,10.5,50.9,1992,12
Bay,4.7,13.2,7,0.25,0.45,5.5,41.9,1992,12
Bay,3.7,11,7,0.35,0.5,8,60.8,1993,1
Bay,3.5,11.9,7,0.25,0.25,9,44.6,1993,1
Bay,3.3,10.5,7,0.3,0.95,10.5,58.1,1993,1
Bay,2.9,12,7,0.2,0.85,6,49.1,1993,2
Bay,3.4,12.6,7,0.1,0.3,5,41.9,1993,2
Bay,3.5,12.4,7,0.3,0.75,8,53.6,1993,2
Bay,2.9,12.7,7,0.1,0.85,8,59,1993,2
Bay,3.9,10.7,7,0.1,1.15,10,56.3,1993,3
Bay,3.4,12.8,7,0.5,1.7,2.5,34.7,1993,3
Bay,3.3,11.2,7,0.15,0.4,10,51.8,1993,3
Bay,3,10,7,0.5,0.7,14.5,54.5,1993,3
Bay,2.5,10,7,0.35,0.8,10,44.6,1993,4
Bay,2.5,9.7,7,0.3,1,15.5,60.8,1993,4
Bay,3,10,7,0.3,1.15,14.5,53.6,1993,4
Bay,3.4,8.7,7,0.3,1.2,19,69.8,1993,4
Bay,3.2,8,7,0.4,0.85,21,69.8,1993,5
Bay,3.9,8,7,0.5,1,24,77,1993,5
Bay,2.9,9,7,0.3,0.85,20,71.6,1993,5
Bay,3.9,8.1,7,0.45,0.45,21.5,68.9,1993,6
Bay,3.8,7.2,7,0.55,1,26.5,80.6,1993,6
Bay,3.9,7.1,7,0.55,0.8,26.5,86,1993,6
Bay,4.2,7.3,7.5,0.45,0.75,27,81.5,1993,7
Bay,3.9,8,8,0.4,0.8,26.5,86,1993,8
Bay,3.5,9.1,8,0.3,0.55,25.5,79.7,1993,8
Bay,1.8,7.2,7.9,0.4,0.95,24.5,76.1,1993,9
Bay,1.5,8.8,7.8,0.3,0.5,16.5,59,1993,10
Bay,1.5,8.8,7.7,0.35,0.75,18,64.94,1993,10
Bay,1.8,10.6,8.4,0.4,0.6,15.6,66.02,1993,10
Bay,1.5,8.2,7.5,0.35,0.55,9.8,52.34,1993,11
Bay,1.4,9.6,7.9,0.4,0.8,17.3,72.5,1993,11
Bay,1.5,9.4,7.1,0.2,0.55,12.1,50.9,1993,11
Bay,1.5,9.8,7.4,0.25,0.75,10.5,48.74,1993,12
Bay,1.5,13,7.6,0.25,0.45,1.3,41.9,1993,12
Bay,1.5,12.1,7.1,0.3,0.7,3.8,39.74,1993,12
Bay,3,8.5,7.4,0.25,0.85,13.5,61.7,1995,1
Bay,3,10.75,7.1,0.2,0.7,4.5,46.4,1995,1
Bay,3,12.5,6.8,0.2,0.25,2,29.3,1995,2
Bay,2.4,9.3,7.1,0.2,0.2,9.5,46.4,1995,3
Bay,2.4,9.9,6.9,0.28,0.65,11.5,59.9,1995,3
Bay,2.8,8.9,7.1,0.35,0.45,12.5,54.5,1995,3
Bay,2.4,9,7.1,0.25,0.45,11,53.6,1995,3
Bay,2.4,9.3,7.1,0.4,0.55,11.5,54.5,1995,4
Bay,3.2,8.5,7.1,0.25,0.7,15,48.2,1995,4
Bay,3,9,7.1,0.25,0.5,16,58.1,1995,4
Bay,3,9.7,7.4,0.25,0.55,12.5,50,1995,4
Bay,3.2,8.9,7.2,0.3,0.6,15,52.7,1995,5
Bay,3.3,6.8,6.8,0.3,0.55,21.5,74.3,1995,5
Bay,3.3,6.8,6.8,0.3,0.55,21.5,74.3,1995,5
Bay,3.5,8.5,7.5,0.4,0.4,22,80.6,1995,5
Bay,4,7.8,7.6,0.3,0.3,25,73.4,1995,6
Bay,3.5,7.7,7.9,0.4,0.9,26.5,77.9,1995,6
Bay,3.2,7.7,8,0.4,0.55,25,75.2,1995,6
Bay,4,8.8,8.3,0.5,0.8,28.5,82.4,1995,6
Bay,4,7,7.9,0.35,0.7,26,79.7,1995,7
Bay,4,7,8,0.45,1,30,84.2,1995,7
Bay,4.5,7.2,8.4,0.55,0.9,32,92.3,1995,7
Bay,4.5,7.6,8.1,0.5,0.8,29.5,84.2,1995,7
Bay,4.5,8.7,8.2,0.5,0.6,24,71.6,1995,8
Bay,5.5,7.4,8.8,0.3,0.5,25,81.5,1995,8
Bay,4.5,9.9,8.7,0.35,0.65,25.5,78.8,1995,8
Bay,4.8,10.5,9,0.3,0.75,26,80.6,1995,9
Bay,4.5,10.4,9.2,0.3,0.7,24.5,80.6,1995,9
Bay,4.8,9.5,8.7,0.3,0.7,21,75.2,1995,9
Bay,4.4,9.9,7.2,0.3,0.45,15.5,62.96,1995,10
Bay,5,8.9,8.5,0.45,1.15,24.5,81.5,1995,10
Bay,2.4,8.69,7.2,0.3,0.75,17.5,58.64,1995,10
Bay,2.2,9.71,7.6,0.35,0.73,15,56.48,1995,10
Bay,4.5,11.6,9,0.4,0.8,18.5,68.9,1995,10
Bay,2.8,8.15,6.7,0.38,0.75,19,67.28,1995,10
Bay,4.5,9.9,8.5,0.45,0.75,14,59.9,1995,10
Bay,4,11.8,8.5,0.55,0.55,9.5,51.8,1995,11
Bay,4.5,11.3,8.1,0.55,0.7,9.5,57.2,1995,11
Bay,4,11.8,8.4,0.55,0.55,8,50.9,1995,11
Bay,4,9.5,8.1,0.75,0.75,10,48.2,1995,11
Bay,4,11.7,7.4,0.4,0.55,4,39.2,1996,1
Bay,3.5,11.2,7.2,0.35,0.65,4,42.8,1996,1
Bay,3.5,10.8,7.1,0.35,0.6,5,44.6,1996,2
Bay,3,8.7,7.1,0.2,0.75,10.5,60.8,1996,2
Bay,3,11.5,7.4,0.3,0.45,3.5,38.3,1996,3
Bay,3,10.1,7,0.4,0.45,7.5,44.6,1996,3
Bay,3,10,7.2,0.35,0.7,10,61.7,1996,3
Bay,3,10.7,7.3,0.35,0.55,8,42.8,1996,4
Bay,3,9.2,8.2,0.4,0.95,21,71.6,1996,4
Bay,3,8.9,8,0.45,0.85,18,69.8,1996,4
Bay,3,9.2,8.1,0.3,0.7,17,57.2,1996,5
Bay,3,9,8.8,0.4,0.75,28,86,1996,5
Bay,3,9.6,8.6,0.25,0.6,19,63.5,1996,5
Bay,3,8.7,8.5,0.35,0.5,17,59.9,1996,6
Bay,3,8,8.1,0.45,1.02,24,67.1,1996,6
Bay,3,8.8,8.4,0.45,0.75,27,77,1996,6
Bay,3,8,8.6,0.55,0.8,26.5,77,1996,6
Bay,4.4,9.9,7.2,0.3,0.45,15.5,62.96,1996,10
Bay,2.4,8.69,7.2,0.3,0.75,17.5,58.64,1996,10
Bay,2.2,9.71,7.6,0.35,0.73,15,56.48,1996,10
Bay,2.8,8.15,6.7,0.38,0.75,19,67.28,1996,10
Bay,2,6.5,6.8,0.48,0.58,10.1,48.74,1996,11
Bay,1.9,11.43,7.1,0.45,0.55,6.2,41.414,1996,11
Bay,1.8,11.8,6.8,0.28,0.3,9.1,51.44,1996,11
Bay,1.9,10.9,6.9,0.4,0.6,11,63.5,1996,12
Bay,1.6,11.2,6.9,0.4,0.65,9.1,51.08,1996,12
Bay,1.8,12.25,6.9,0.31,0.61,5.21,38.3,1996,12
Bay,2,9.2,6.7,0.2,0.7,13.5,63.32,1997,1
Bay,1.5,10.9,6.6,2.5,3.5,10.1,62.06,1997,2
Bay,1.3,10.55,6.6,0.3,0.6,8.2,41,1997,2
Bay,1.8,9.45,6.9,0.3,0.54,14.1,48.02,1997,3
Bay,1.2,10.2,6.5,0.2,0.52,13.2,47.66,1997,3
Bay,1.2,9.8,6.9,0.28,0.74,17.1,68.18,1997,4
Bay,1.3,10.8,6.7,0.2,0.49,11,59.54,1997,4
Bay,1.1,10.1,6.8,0.25,0.55,15.5,59.36,1997,4
Bay,1.1,9.73,6.5,0.3,0.88,18,61.52,1997,5
Bay,1.3,10.2,6.6,0.35,0.7,20.5,68.36,1997,5
Bay,1.6,9.9,7.5,0.38,0.5,23,72.14,1997,5
Bay,1,10.5,6.3,0.1,0.15,18,61.7,1997,6
Bay,1.5,7.5,6.5,0.4,0.7,26.5,84.02,1997,6
Bay,1.5,8.5,8,0.5,0.62,29,78.4,1997,6
Bay,1.5,7.6,6.8,0.48,0.68,27,76.46,1997,7
Bay,1.5,8.55,6.4,0.4,0.4,27,80.06,1997,7
Bay,1.6,8.7,7.4,0.39,0.58,27.5,83.48,1997,7
Bay,1.5,9.7,7.8,0.38,0.69,27,86.72,1997,7
Bay,1.5,8.1,8,0.4,0.65,28,82,1997,7
Bay,1.7,9.8,8.6,0.38,0.5,27.5,78.62,1997,8
Bay,1.7,7.7,8.2,0.45,0.63,8.4,82.6,1997,8
Bay,1.7,9,8.2,0.38,0.67,25.5,77.7,1997,8
Bay,1.8,9.6,8.1,0.32,0.45,26,78.98,1997,8
Bay,1.9,9.6,7.9,0.21,0.61,24,78.62,1997,9
Bay,1.9,10.25,8.2,0.28,0.65,21.6,74.12,1997,10
Bay,1.8,10.6,6.5,0.35,0.65,12,51.62,1997,11
Bay,1.5,14.3,6.9,0.3,0.45,6,40.1,1997,12
Bay,1.5,12.3,6.4,0.25,0.5,8.9,57.2,1998,1
Bay,1.2,12.5,6.5,0.3,0.6,8.1,45.86,1998,1
Bay,1,11.1,6.4,0.25,0.71,11,48.74,1998,3
Bay,1,10.9,8.2,0.35,0.78,21.5,72.5,1998,5
Bay,1.1,9.3,6.8,0.25,0.48,23.5,80.78,1998,5
Bay,0.9,9.7,6.8,0.4,0.65,26,79.88,1998,6
Bay,1,8.4,6.9,0.32,0.65,26,82.04,1998,7
Bay,0.9,8.6,7.3,0.4,0.65,29,81.32,1998,7
Bay,1,11,8.8,0.3,0.62,28,85.1,1998,8
Bay,0.9,10.8,8.5,0.28,0.66,25,87.1,1998,9
Bay,1.1,10,6.9,0.3,0.35,14,58.28,1998,11
Bay,1,10.9,7.3,0.3,0.48,15,57.56,1998,11
A,3,2.6,7.7,0.6,0.6,26,80.96,1999,8
A,1.8,1.35,8.2,0.4,1,28,76.6,1999,9
A,1,7.8,6.9,0.65,0.85,8,42.8,1999,12
B,2.5,3.1,8.1,0.25,0.25,27,80.96,1999,8
B,0.2,6.1,6.9,0.25,0.25,7,41,1999,12
C,3,1.9,8.5,0.5,0.5,27,84.2,1999,8
C,1,3.7,7.8,0.8,0.8,18,60,1999,9
C,0,3.7,7.7,0.55,0.55,43,72,1999,10
C,0.1,7.3,6.9,0.7,0.7,5,41,1999,12
D,0.2,2.5,8.6,0.63,1.25,27,85.46,1999,8
D,0.4,3.4,7.4,0.95,1.35,42.5,72,1999,10
D,0,6.5,8,1.05,1.5,15,60,1999,11
D,0,7.8,8.9,0.8,1.4,11,49,1999,12
D,0,8.25,8,1.1,1.4,5,41,1999,12
Bay,1.2,11.2,7.2,0.28,0.5,9,58.82,1999,1
Bay,3,7,9.2,0.4,0.65,28,86.54,1999,8
Bay,2.2,1.9,8.5,0.9,0.95,28,76.6,1999,9
Bay,2,4.8,5.7,0.42,0.5,16,65,1999,10
Bay,1,7.5,8.1,5.5,5.5,14,60,1999,11
Bay,1,8.7,9.1,0.5,0.85,11,48,1999,12
Bay,0.1,6.1,7,0.25,0.45,5,41,1999,12
A,1.5,5,8.1,0.9,1.1,15,58,2000,2
A,0.5,3.6,7.1,0.9,1,23,75,2000,5
A,1,6.4,8.2,0.85,0.9,27,71,2000,5
A,1,5.5,8,0.55,0.55,30.5,84.2,2000,6
A,0.05,6.1,8,0.55,0.55,25,78,2000,7
A,0,5.2,7.5,0.65,0.65,25,72,2000,8
A,1.1,8.7,8.3,0.55,0.7,35,84,2000,10
A,0,9.75,8.2,0.65,0.65,16,58,2000,11
A,1,9.9,8.2,0.7,0.7,9,44,2000,12
B,1,6.4,7.1,0.35,0.35,5,46,2000,2
B,1.5,10,7.8,0.3,0.3,12.5,48,2000,3
B,1,3.5,7.5,0.15,0.15,25.5,75,2000,5
B,1.5,7.6,9.7,4,4.5,30,71,2000,5
B,1,8.3,8.8,0.05,0.1,30,82.4,2000,6
B,1,1.8,7.5,0,0.15,24,78,2000,7
B,0,2.4,7.8,0.35,0.35,22,71,2000,8
B,0.8,7.6,7.9,0.1,0.1,20,70,2000,9
B,1,8.5,8.5,0.1,0.1,30,84,2000,10
B,1,5.5,8.1,0.1,0.11,14,58,2000,11
B,1.5,7.2,7.9,0.2,0.4,7.5,43.4,2000,12
C,1,5.9,6.9,0.65,0.81,4,45,2000,2
C,0.5,7.9,8,0.5,0.5,15,58,2000,5
C,1,8.2,9.5,0.4,0.4,28,73,2000,6
C,0.01,5.7,8.2,0.5,0.5,32,80.6,2000,7
C,0,6.3,6.7,0.6,0.6,29,83,2000,8
C,0,6.3,8.1,0.55,0.55,21,72,2000,9
C,0.5,6.2,8.4,0.25,0.25,21.5,67,2000,10
C,1,6,7.4,0.3,0.3,13,55,2000,11
C,1,6.5,8.1,0.1,0.1,7.5,45,2000,12
D,0,7.1,7.2,1.4,1.4,4,45,2000,2
D,0,6.9,7,0.9,0.95,14,62,2000,2
D,0,6.3,8.2,0.1,1.6,15,50,2000,5
D,0,4.4,8.6,0.65,1.6,27,78.8,2000,7
D,0,4.1,5.6,0.65,1.6,28,83,2000,8
D,0,5,8.5,0.7,1.65,21,71.6,2000,9
D,0,8.5,8.8,0.7,1.05,19.5,66,2000,10
D,0,6.2,9,0.7,1.4,13,55,2000,11
D,0,10,9.3,1.1,1.3,7,45,2000,12
Bay,1.5,6.1,7.2,0.05,0.4,3,43,2000,2
Bay,1.5,9.75,8.6,0.45,0.5,12,45,2000,3
Bay,1,4.1,7.9,0.3,0.65,19.5,75,2000,5
Bay,1.2,8,8.7,0.4,0.45,23,71,2000,5
Bay,1.5,7.3,8.4,0.4,0.64,26,73.7,2000,6
Bay,1.5,7,8.5,0.5,0.85,26,83,2000,6
Bay,1,5,8.6,0.4,0.8,27,77,2000,7
Bay,1,6.4,8.2,0.4,0.55,25,78,2000,7
Bay,1.5,6,8.1,0.6,0.68,28,83,2000,8
Bay,1,7.1,8.7,0.3,0.45,22,71,2000,8
Bay,1,5.2,8.6,0.2,0.45,20,72,2000,9
Bay,0.8,7.3,8.6,0.3,0.7,27,83,2000,10
Bay,1,5.3,8.8,0.26,0.35,19.5,66,2000,10
Bay,1,4.8,9.2,0.3,0.3,16,57.7,2000,11
Bay,1,7.8,9.9,0.4,0.6,13,55,2000,11
A,1,5.7,8.4,0.7,0.7,5,38.8,2001,1
A,1,8.1,7.8,0.75,0.75,10,62,2001,2
A,0.5,7.7,8,0.65,0.85,13.5,52,2001,3
A,1,2.5,9.1,0.2,0.65,22,65,2001,5
A,1,5.5,8.7,0.8,0.8,24,71,2001,6
A,3,4.2,8.3,0.4,0.65,27,76,2001,7
A,1.5,4.9,9.2,0.5,0.5,26,72,2001,7
A,3,4.5,8.5,0.35,1.1,30,88,2001,8
A,3,3,0.3,0.35,1.1,26,76,2001,9
A,2,3.6,8.9,0.65,0.9,24,77,2001,9
A,3,3.8,8.4,0.6,0.85,19,70,2001,10
A,3,4.9,8.2,0.6,0.8,14,52.9,2001,11
B,1,7.8,8,0.3,0.3,6,38.8,2001,1
B,1.5,9.3,7.7,0.4,0.4,12,62,2001,2
B,2,3,8.7,0.01,0.01,25,65,2001,5
B,2,4.1,8.5,0.1,0.1,24,71,2001,6
B,3,2.3,8.3,0.2,0.2,30,84,2001,8
B,2.5,0,7.8,0.1,0.25,25,76,2001,9
B,3,1.5,8.5,0.25,0.35,23,78,2001,9
B,3,2.6,8.2,0.2,0.2,20,69,2001,10
B,3.5,4.2,8.3,0.2,0.2,13,52.9,2001,11
C,1,5.9,8.3,0.55,0.55,5,43,2001,1
C,1,6,7.9,0.6,0.6,10,52,2001,2
C,1,9.9,8.3,0.6,0.6,9,41,2001,3
C,1,4.8,8.1,0.4,0.4,23,73,2001,4
C,3,2.5,7.6,0.32,0.32,24,72,2001,5
C,2,4,8.4,0.3,0.3,27,77,2001,6
C,2.5,5.5,7.9,0.3,0.3,28,80,2001,8
C,3,6.1,8.3,0.25,0.25,23,73,2001,10
D,0,9.7,8.8,1,1.25,6,43,2001,1
D,0,8.4,8.7,1.1,1.4,10,52,2001,2
D,0,9.6,9,0.7,1.5,10,41,2001,3
D,0,4.1,9.3,0.8,1.4,19.5,72,2001,4
D,0,4.9,8.1,0.7,1.2,23,71,2001,5
D,0,5.5,8.7,0.5,0.9,26,77,2001,6
D,0,4.3,8.9,0.2,1.4,27,80,2001,8
D,0,3.9,8.7,0.7,1.1,19,73,2001,10
Bay,1,8.1,9.2,0.36,0.36,7,43,2001,1
Bay,1,9,9.3,0.1,0.1,8,38.3,2001,1
Bay,1,8.5,8.8,0.23,0.33,11,51,2001,2
Bay,1,9.2,9.1,0.2,0.35,11,61.5,2001,2
Bay,1.2,9.25,9.2,0.35,0.6,14,51.8,2001,3
Bay,1,9.9,9.4,0.25,0.45,10,41.7,2001,3
Bay,2,6.4,9.3,0.3,0.8,20,71,2001,4
Bay,2,5,8.6,0.15,0.15,21,64,2001,5
Bay,1,7.8,8.8,0.4,0.8,20,70,2001,5
Bay,2,4.35,9.2,0.4,0.4,23,70.9,2001,6
Bay,2,5.1,8.6,0.4,0.4,25,77,2001,6
Bay,3.5,5.4,8.7,0.25,0.75,26,75,2001,7
Bay,3,7.2,9.8,0.3,0.3,23,72,2001,7
Bay,3,4.1,9.1,0.4,0.7,30,80,2001,8
Bay,3,4.9,8.7,0.3,0.85,26,79.3,2001,8
Bay,3,4,8.5,0.35,0.55,25,76,2001,9
Bay,3.5,4.6,7.7,0.15,0.15,23,78,2001,9
Bay,3,4.6,8.6,0.6,0.6,19,67.3,2001,10
Bay,3,5.5,9.5,0.25,0.25,13,52.9,2001,11
A,3,2.7,7.8,0.8,1.3,9,51,2002,1
A,2,7.6,8.2,1.15,1.15,12,59,2002,2
A,1,2.3,7.5,0.4,1.1,22,60,2002,4
A,2,4.2,7,0.7,0.7,26,72,2002,6
A,0,4.5,7,0.6,0.8,26,81,2002,9
A,2,7.7,7,0.5,1,5,38,2002,12
B,2.5,7.2,7.9,0.45,0.45,8,50,2002,1
B,3,7.8,8.2,0.45,0.45,12,58,2002,2
B,2,4.2,8,0.1,0.2,27,83,2002,4
B,2,3.4,8.5,0.5,0.5,18,60,2002,4
B,3,3.3,7,0.1,0.1,25,71,2002,6
B,0,3.5,7.5,0.28,0.3,27,81,2002,9
C,3,6.8,7,0.4,0.4,9.5,54,2002,1
C,3.5,4.6,8,0.2,0.2,25,70,2002,5
C,3,3.8,8.5,0.2,0.2,28,83,2002,6
D,0,10,6.8,1.4,1.4,9,52,2002,1
D,0,6.1,6.5,0.3,1.3,24,70,2002,5
D,0,4.2,7,0.7,1.2,26,81,2002,9
Bay,3,9,9,0.3,0.35,59,49.9,2002,1
Bay,3,7.6,9.2,0.3,0.35,11,57,2002,2
Bay,3,4.4,7.5,0.3,0.7,25,80,2002,4
Bay,3,7.3,7.5,0.4,0.65,18.5,58,2002,4
Bay,2.5,8.3,7.5,0.2,0.7,20,62,2002,5
Bay,3,4.5,7.5,0.3,0.55,24,70,2002,5
Bay,3,5.9,8.5,0.3,0.65,23.5,70,2002,6
Bay,4,5.1,7.5,0.4,0.75,27,82,2002,6
Bay,3,6.5,7.5,0.5,0.7,27,80,2002,9
Bay,4,6.3,7.5,0.5,0.5,10,47.8,2002,10
Bay,2,9.6,7,0.1,0.1,5,37,2002,12
Bay,2,6.8,7,0.3,0.6,7.5,49,2002,12
A,0,8.1,6.5,0.9,1.1,15,53,2003,1
A,1,6.4,6.5,0.6,1,12,53,2003,3
A,0,3.9,6.5,0.45,1.15,23,75,2003,5
A,0,4.7,6.5,0.5,0.85,24,70,2003,6
A,0,2.7,6.5,0.4,1,28,76.5,2003,7
A,0,3,6.5,0.45,1,25,80.6,2003,8
A,0,5.6,6.5,0.6,0.9,20,64,2003,10
A,0,2.9,6.5,0.1,0.8,24,76,2003,11
B,0,6.6,7,0.2,0.2,13,53,2003,1
B,0,6.4,7.5,0.5,0.5,7,44,2003,2
B,0,7.3,7.5,0.6,0.6,25,76,2003,5
B,0,8.5,9.5,0.1,0.1,25.1,72,2003,6
B,0,3.2,7,0.2,0.2,25,77,2003,8
B,0.5,5.5,7,0.15,0.15,18,64,2003,10
B,1,4.7,7,0.15,0.15,25,76,2003,11
B,1,8.8,7.5,0.75,0.2,12,58,2003,12
C,1,3.2,7,0.7,0.7,14,58,2003,3
C,0,5.6,7,0.4,0.4,18,65,2003,4
C,0,4.5,7,0.5,0.5,24,73,2003,6
C,0,4.7,7,0.35,0.35,28,75,2003,7
C,0,4.7,7,0.15,0.15,27,83,2003,9
C,1,5.6,7.5,0.15,0.15,14,58,2003,10
D,0,7.4,6,1.2,1.5,6,46,2003,2
D,0,4.3,6,0.5,1.5,25,72.7,2003,6
D,0,2.9,6.5,0.5,1.4,28,75,2003,7
D,0,4.7,6.5,0.5,1.5,28,82,2003,9
D,1,4.4,6.5,1.1,1.5,14,57,2003,10
D,1,6.5,6.5,1.2,1.4,14.5,56,2003,11
D,2,7.1,6,1.5,1.7,12,48,2003,12
Bay,0,5.1,7,0.3,0.6,14,52,2003,1
Bay,0,6.6,7,0.4,0.4,7,45.9,2003,2
Bay,1,4.1,6.5,0.3,0.9,14,59.9,2003,3
Bay,2,3.8,7,0.2,0.3,11,52.9,2003,3
Bay,1,5.8,7,0.3,0.6,16,64.9,2003,4
Bay,2,6.3,6.5,0.3,0.5,20,60.4,2003,5
Bay,0,4.1,7,0.4,0.8,24,72.1,2003,6
Bay,0,5.2,6.5,0.4,0.7,27,26.5,2003,7
Bay,0,3.8,6.5,0.4,0.8,26,74,2003,7
Bay,0,7,7.2,0.5,0.9,25,77,2003,8
Bay,4,3.7,7,0.5,0.75,27,81.9,2003,9
Bay,1,5.8,6.5,0.4,0.55,14,57,2003,10
Bay,1,6.5,6.5,0.75,0.75,23,76.3,2003,11
Bay,3,8.8,6.5,0.4,0.6,14,56,2003,11
Bay,3,8.7,6.5,0.2,0.75,11,58,2003,12
Bay,2,6.9,6,0.4,0.7,8,47,2003,12
A,1,8.5,7,0.65,1.05,5,33,2004,1
A,1,7,7,0.8,1.1,60,43,2004,2
A,0,7.5,7,1,1.2,16,64,2004,3
A,0,6.7,7,0.6,1,13,54,2004,4
A,0,3.9,6,0.7,0.8,26,77,2004,5
A,0,2.9,6.5,0.5,0.5,26,77,2004,6
A,0,3,6.5,0.95,0.95,27,80,2004,8
A,0,3.6,6.5,0.4,0.8,26,29,2004,9
A,0,8,7,0.6,0.6,10,51,2004,11
A,2,6.3,7,0.9,1,5,34,2004,12
B,1,8.5,7,0.2,0.2,4,33,2004,1
B,1,6.6,7,0.25,0.25,5,43,2004,2
B,0,5.4,7,0.2,0.2,16,65,2004,3
B,1,7.2,8,0.3,0.3,13,54,2004,4
B,0,3.1,9,0.2,0.2,28,26,2004,5
B,0,3.1,8,0.1,0.1,28.5,81,2004,7
B,0,2.8,6.5,0.2,0.2,28,82,2004,8
B,0,3.7,7,0.2,0.2,26,29,2004,9
B,2,4.5,7,0.3,0.3,17,63,2004,10
B,4,5.7,7.5,0.2,0.2,4,35,2004,12
C,1,9.1,7,0.5,0.6,6,11.5,2004,2
C,1,6.7,7,0.6,0.6,10,45,2004,3
C,1,7.4,7.5,0.4,0.4,14,52,2004,4
C,0,4.2,7.5,0.3,0.3,26,80,2004,6
C,0,3,7.5,0.5,0.5,29,80,2004,7
C,0,2.9,6.5,0.6,0.6,29,83,2004,8
C,0,5.3,7.5,0.3,0.3,23,72,2004,10
C,0,6.2,7,0.5,0.5,15,57,2004,11
C,1,4.2,7,0.5,0.5,12,55,2004,12
D,0,10,6.5,1.4,1.4,4,40,2004,1
D,1,10.1,6.5,1.5,1.5,6,37,2004,2
D,1,5.8,6.5,0.9,1.5,14,52,2004,4
D,0,4.9,6.5,1.1,1.35,19,62,2004,4
D,0,4.5,6.5,0.7,1.3,26,78,2004,6
D,0,2.6,6.5,0.6,1.65,29,78,2004,7
D,0,3.1,6.5,0.5,1.6,28,82,2004,8
D,0,3,6.5,0.4,1.4,25.2,78,2004,9
D,0,6.4,6.5,0.6,1.5,24,72,2004,10
D,1,3.3,6.5,0.8,0.8,17,63,2004,10
D,0,7.25,6.5,1.5,1.5,12,54,2004,12
Bay,1,8.2,6.5,0.4,0.4,6,33,2004,1
Bay,1,9.5,6.5,0.2,0.3,7,40,2004,1
Bay,0,5.9,6.5,0.2,0.25,15.5,43,2004,2
Bay,1,7.5,7,0.1,0.1,6,37,2004,2
Bay,1,3.7,6.5,0.1,0.5,15,64,2004,3
Bay,0,7.7,6.5,0.2,0.45,9,43.3,2004,3
Bay,0,7.6,7,0.1,0.1,14,52.5,2004,4
Bay,1,5.7,6.5,0.2,0.5,13,52,2004,4
Bay,0,7.1,6.5,0.35,0.45,16,62,2004,4
Bay,0,4.8,6.5,0.5,0.7,26,77,2004,6
Bay,0,3.3,6.5,0.5,0.8,25,77,2004,6
Bay,1,4.7,6.5,0.5,0.6,27,77,2004,7
Bay,2,3.1,6.5,0.5,0.55,27,79,2004,7
Bay,0,3.15,6.5,0.55,0.6,27,81.5,2004,8
Bay,0,4.75,6.5,0.4,0.8,26,79.9,2004,8
Bay,0,5.2,6.5,0.4,0.6,24,78,2004,9
Bay,0,4,6.5,0.45,0.65,24,29,2004,9
Bay,1,4.3,7,0.4,0.7,23,71.8,2004,10
Bay,1,5.8,6.5,0.6,0.7,18,63,2004,10
Bay,1,5.9,6.5,0.5,0.6,14,57,2004,11
Bay,0,5.9,6.5,0.5,0.5,11,51,2004,11
Bay,0,6.3,6.5,0.4,0.65,11,53.6,2004,12
Bay,2,5.2,6.5,0.3,0.3,4,33,2004,12
A,0,5.5,7,0.8,0.8,5,38,2005,2
A,1,6.2,7,1.1,1.1,5,34,2005,3
A,0,3.3,7,0.3,0.9,19,70,2005,4
A,0,4.7,7,0.6,0.75,20,62,2005,5
A,0,3.4,6.5,0.6,0.8,24,77,2005,10
A,0,7,6.5,0.9,0.9,10,45,2005,12
B,0,6.7,7,0.3,0.3,34.5,38,2005,2
B,2,5.3,7,0.3,0.3,5,34,2005,3
B,0,5.4,8.5,0.2,0.2,20,71,2005,4
B,0,6,9,0.1,0.1,20,62,2005,5
B,0,2.4,7,0.1,0.1,26,74,2005,9
B,0,4.5,7,0.1,0.1,25,77,2005,10
B,0,5.7,6.5,0.15,0.15,13,59,2005,11
B,0,6.1,7,0.5,0.5,13,45,2005,12
C,1,4.3,7,0.4,0.4,13,58,2005,1
C,1,5.3,7,0.6,0.6,12,45,2005,2
C,1,6.9,7,0.7,0.7,6,45,2005,3
C,0,4.4,8,0.7,0.7,18,64,2005,6
C,0,4.8,8.5,0.6,0.6,34,88,2005,6
C,0,5.2,7.5,0.1,0.1,32,86,2005,8
C,0,3.6,7,0.3,0.3,25,73,2005,8
C,0,2.6,6.5,0.2,0.2,25,78,2005,9
C,0,5,7,0.3,0.3,17,59,2005,11
D,0,7.6,6.5,1.4,1.4,13,58,2005,1
D,0,6.6,6.5,1.3,1.5,10,44,2005,2
D,1,7.7,6.5,1.2,1.4,6,44,2005,3
D,0,5.2,6.5,1,1.4,17,58,2005,5
D,0,5,6.5,1,1.5,18,63,2005,6
D,0,4.3,6.5,0.8,1.4,34,88,2005,6
D,0,4.3,6.5,0.7,1.5,32,83,2005,7
D,0,2.9,6.5,0.4,0.8,31,85,2005,8
D,0,3.9,6.5,0.7,1,26,78,2005,9
D,0,5.9,6.5,1,1.4,14,51,2005,10
D,0,5.9,6.5,0.9,1.3,17,59,2005,11
D,0,10,6.5,0.8,0.9,5,46,2005,12
Bay,1,5.9,6,0.4,0.5,12,57.7,2005,1
Bay,0,7.3,6.5,0.15,0.15,6,37.4,2005,2
Bay,0,6.3,6.5,0.3,0.5,9,44,2005,2
Bay,1,7.4,6,0.2,0.4,6,44,2005,3
Bay,0,5.2,6,0.2,0.5,19,70,2005,4
Bay,0,6.9,6.5,0.4,0.4,15,58,2005,5
Bay,0,6.3,6.5,0.4,0.6,20,61,2005,5
Bay,0,6.6,6.5,0.6,0.7,18,63,2005,6
Bay,0,3.6,6,0.6,0.7,25,27,2005,7
Bay,0,5.7,6,0.6,0.6,28,83,2005,7
Bay,0,3.7,6.5,0.6,0.6,27,85,2005,8
Bay,0,4.9,6,0.45,0.45,25,73,2005,8
Bay,0,5,6.5,0.1,0.1,74,76,2005,9
Bay,0,4.3,6,0.5,0.7,25,78,2005,9
Bay,0,5.3,6.5,0.6,0.7,24,72,2005,10
Bay,0,6.2,6.5,0.5,0.5,16,51,2005,10
Bay,0,5.7,6.5,0.5,0.5,14,57,2005,11
Bay,0,6.6,6.5,0.5,0.7,18,59,2005,11
Bay,0,7.2,6.5,0.45,0.45,11,43,2005,12
Bay,0,7.6,6.5,0.2,0.2,6,46,2005,12
A,0,7.7,6.5,1.1,1.1,9,46,2006,1
A,0,8.6,7,1,1.1,7,39.2,2006,2
A,0,7.8,7,1,1,14,44.6,2006,3
A,0,5,7,0.7,0.7,20,77,2006,6
A,0,3.6,6.5,0.9,1,28,73.4,2006,7
A,0,6,6.5,0.6,0.95,17,65,2006,11
B,0,5.7,7,0.2,0.2,8,46,2006,1
B,0,7.7,7,0.2,0.2,12,48.2,2006,3
B,0,8,7,0.2,0.2,18,62.6,2006,4
B,0,4.4,7,0.1,0.1,26,77,2006,6
B,0,3.8,6,0.4,0.4,23,68,2006,6
B,0,4.7,6.5,0.2,0.2,27,73.4,2006,7
B,0,2.9,6.5,0.2,0.2,29,79,2006,7
B,0,3.5,6.5,0.2,0.2,25,70,2006,9
B,0,8.2,7,0.4,0.4,23,73,2006,10
B,0,6.8,6.5,0.3,0.3,18,65,2006,11
B,0,7.7,6,0.1,0.2,15,58,2006,12
C,0,5.9,7,0.5,0.5,10,48,2006,1
C,0,8.8,7,0.5,0.5,9,54,2006,2
C,0,9.9,7.5,0.5,0.5,10,57.2,2006,3
C,0,8.2,8,0.4,0.4,14,59,2006,4
C,0,9,8.5,0.1,0.3,19,60.8,2006,5
C,0,2.7,6.5,0.2,0.2,26,73,2006,7
C,0,6.8,6.5,0.2,0.2,28,80,2006,8
C,0,5.2,6.5,0.4,0.4,20,66,2006,9
C,0,4.9,6.5,0.1,0.1,17,61,2006,11
C,0,6.9,6.5,0.1,0.1,14,65,2006,11
D,0,8.1,6.5,1.2,1.6,9,48,2006,1
D,0,8.7,6.5,1.4,1.4,10,56,2006,3
D,0,6.2,6.5,1.2,1.4,15,59,2006,4
D,0,6.6,6.5,1.4,1.4,19,60.8,2006,5
D,0,3.9,5,0.65,1.3,25,79,2006,8
D,0,5.8,6.5,0.9,1.5,20,66,2006,9
D,0,5.3,6.5,0.2,0.6,20,67,2006,10
D,0,5.9,6.5,1.3,1.3,13,60,2006,11
D,0,6.7,6.5,1.2,1.5,14.5,65,2006,11
Bay,0,7.5,6.5,0.3,0.7,9,45,2006,1
Bay,0,7.8,6.5,0.5,0.5,7,51.8,2006,2
Bay,0,8.7,6.5,0.4,0.4,7,30,2006,2
Bay,1,9.7,6.5,0.2,0.4,10,59,2006,3
Bay,0,7.5,7,0.2,0.6,11,48,2006,3
Bay,0,7.7,6.5,0.5,0.5,13,53,2006,4
Bay,1,6.9,6.5,0.3,0.5,17,62.6,2006,4
Bay,0,7.4,6.5,0.1,0.1,19,60.8,2006,5
Bay,0,7.3,6.5,0.5,0.8,20,71.6,2006,5
Bay,0,6.1,6.5,0.5,0.65,25,77,2006,6
Bay,0,6.8,6.5,0.5,0.7,22,68,2006,6
Bay,0,6,6.5,0.4,0.8,27,73.4,2006,7
Bay,0,5.3,6,2,5,27,73,2006,7
Bay,0,6.9,6,0.4,0.6,28,78.8,2006,7
Bay,0,7.2,7,0.4,0.55,25,79,2006,8
Bay,0,6.3,7,0.45,0.9,23,70,2006,9
Bay,0,6.3,7,0.5,0.7,19,65,2006,9
Bay,0,7,7,0.4,0.7,22,73,2006,10
Bay,8,0.1,7,0.4,0.7,18,65,2006,10
Bay,0,7.6,6.5,0.3,0.3,11,60,2006,11
Bay,0,7.7,6.5,0.6,0.9,18,65,2006,11
Bay,0,6.3,6.5,0.5,0.7,14,65,2006,11
Bay,0,8,6.5,0.4,0.4,13,50,2006,12
A,0,9.8,7,0.7,0.7,7,47,2007,1
A,0,8.8,7,1,1,5,26,2007,2
A,0,3.7,7,0.5,0.75,30,79,2007,8
A,0,2.3,7,0.8,0.8,26,81,2007,9
A,0,3.9,7,0.8,1,13,59,2007,11
B,0,6.8,7,0.3,0.3,6,47,2007,1
B,0,10,6.5,0.2,0.2,2,26,2007,2
B,0,9.4,6.5,0.15,0.15,14,51,2007,3
B,0,8.1,6.5,0.2,0.2,13,32,2007,4
B,0,5.9,8.5,0.3,0.3,23,66,2007,5
B,0,3.1,7.5,0.3,0.3,25,73,2007,7
B,0,2.6,6.5,0.25,0.25,29,80,2007,8
B,0,6.2,7,0.4,0.4,12,57,2007,11
C,0,9.3,8,0.2,0.2,5,43,2007,2
C,0,8.4,7,0.4,0.4,15,47,2007,4
C,0,5.8,7.5,0.4,0.4,19,59,2007,5
C,1,5.1,8,0.3,0.3,21,67,2007,6
C,0,4.5,7,0.3,0.3,28,81,2007,8
C,0,4.3,7,0.3,0.3,21,66,2007,10
C,0,5.3,7,0.35,0.35,28,68,2007,11
C,0,6.2,7,0.5,0.75,5,37,2007,12
C,0,5.2,6.5,0.6,0.65,7,40,2007,12
D,0,7.6,5,1.2,1.6,54,12,2007,1
D,0,10,6.5,2,2,5,43,2007,2
D,0,7.1,6,1,1.3,14,46,2007,4
D,0,5.9,6.5,0.9,2,20,59,2007,5
D,0,5.9,6.5,0.9,1.1,21,67,2007,6
D,0,3.9,6.5,0.5,0.9,24,82,2007,7
D,0,5.7,7,0.7,0.9,28,80,2007,8
D,0,4.1,8.5,0.5,0.8,26,73,2007,9
D,0,3.3,7,0.6,0.9,22,66,2007,10
D,0,5.9,7,0.75,1,28,68,2007,11
D,0,8.7,7,1,1,5,37,2007,12
D,0,6.3,6,1.1,1.1,7,40,2007,12
Bay,0,9,6.5,0.6,0.6,12,54,2007,1
Bay,0,10.1,6.5,0.2,0.2,6,47,2007,1
Bay,0,8.1,6.5,0.45,0.45,5,42,2007,2
Bay,0,9.3,6.5,0.3,0.3,3,26,2007,2
Bay,0,8.7,6.5,0.3,0.37,11,51,2007,3
Bay,0,9.9,6.5,0.4,0.45,11,46,2007,4
Bay,0,8.7,6.5,0.1,0.2,13,57,2007,4
Bay,0,7.2,6.5,0.4,0.7,19,59,2007,5
Bay,0,6.9,7,0.5,0.6,20,65,2007,5
Bay,0,8.8,6.5,7.4,7.4,20,67,2007,6
Bay,0,4.7,7,0.3,0.7,27,80,2007,7
Bay,0,3.2,8,0.45,0.55,28,78,2007,8
Bay,0,5.1,7.5,0.4,0.8,26,80,2007,8
Bay,0,4.2,8.5,0.5,0.65,25,81,2007,9
Bay,0,3.2,8,0.5,0.9,25,73,2007,9
Bay,0,3.2,7,0.4,0.7,23,65,2007,10
Bay,0,3.7,7,0.4,0.7,28,68,2007,11
Bay,0,4.1,7,0.55,0.6,13,57,2007,11
Bay,0,6.8,7,0.25,0.25,5,37,2007,12
Bay,0,6.3,7,0.4,0.6,6,39,2007,12
A,0,5.1,6.5,0.7,2.1,12,46,2008,2
A,0,4.8,6.5,0.8,1.5,15,48,2008,3
A,0,4,6.5,0.5,1.2,16,59,2008,4
A,0,4.3,7,0.6,1,22,67,2008,5
A,1,3.8,6.5,0.7,1.3,32,85,2008,7
A,1,6.6,7,0.5,0.5,20,68,2008,9
A,1,6.8,6.5,0.8,0.85,15,60,2008,11
B,1,4.9,7,0.7,0.9,5,42,2008,1
B,0,6.9,8,0.6,0.6,13,49,2008,3
B,0,5.3,8.5,0.55,0.55,13,59,2008,4
B,0,5.2,7,0.4,0.4,22,68,2008,5
B,1,2.8,7.5,2.5,2.5,30,85,2008,7
B,2,3.9,7,0.1,0.2,20,68,2008,9
B,3,7,7.5,0.3,0.3,15,60,2008,11
C,0,4.3,7,0.7,0.7,16,61,2008,2
C,0,5.2,7,0.6,0.6,4,45,2008,3
C,0,6.5,7,0.3,0.5,13,48,2008,4
C,0,2.3,7,0.4,0.6,20,70,2008,5
C,0,5.4,8,0.25,0.4,29,78,2008,6
C,1,5.1,7,0.4,0.4,29,87,2008,7
C,1,3.1,7.5,0.2,0.2,28,74,2008,9
C,0,3.9,8,0.2,0.2,21,70,2008,10
C,1,6.3,8,0.4,0.5,10,45,2008,10
C,1,6.3,7,0.5,0.5,8,41,2008,11
C,0,7.1,6,0.9,1.5,8,47,2008,12
C,1,6.4,7.5,0.3,0.5,10,49,2008,12
D,1,5.1,6.5,0.9,1.3,6,42,2008,1
D,0,6.5,6.5,1.9,1.9,15,62,2008,2
D,0,8.1,6.5,1.2,2,4,45,2008,3
D,0,7,6.5,0.7,1.3,12,47,2008,4
D,0,2.2,6,0.3,1.5,20,70,2008,5
D,0,5,7,0.7,1.3,28,83,2008,6
D,1,4.6,7,0.6,1.2,27,83,2008,7
D,0,5,6.5,0.7,1.2,28,79,2008,8
D,1,6,6.5,0.7,1.2,27,73,2008,9
D,0,6,6.5,1,1.4,21,69,2008,10
D,1,8.1,6.5,1.2,1.4,12,45,2008,10
D,1,6,6.5,0.7,1.4,10,41,2008,11
D,1,6.4,6.5,0.7,1.5,11,49,2008,12
Bay,1,7.1,7,0.3,0.3,6,42,2008,1
Bay,0,3,7,0.2,0.8,15,61,2008,2
Bay,0,5.3,7,0.3,0.7,11,45,2008,2
Bay,0,4,7,0.3,0.7,5,45,2008,3
Bay,0,7.5,7,0.2,0.7,12,48,2008,3
Bay,1,7.9,7,0.3,0.4,12,47,2008,4
Bay,0,6.4,7,0.25,0.25,12,59,2008,4
Bay,0,5.3,7,0.3,1,20,70,2008,5
Bay,0,4.9,7.2,0.6,0.88,26,83,2008,6
Bay,4,6.2,7,0.5,0.6,24.5,75,2008,6
Bay,1,7.3,8,0.4,0.4,26,81,2008,7
Bay,2,5.6,8.5,0.6,0.7,28,83,2008,7
Bay,3,6.6,8,0.7,0.7,26,78,2008,8
Bay,2,4.5,6,0.7,0.825,25,73,2008,9
Bay,3,3.7,8,1,1,20,68,2008,9
Bay,0,5.3,7,0.5,0.6,20,68,2008,10
Bay,3,7,7.5,0.7,0.9,11,45,2008,10
Bay,3,5.9,7,0.2,0.3,20,59,2008,11
Bay,1,9.3,7,0.7,0.7,9,41,2008,11
Bay,1,6.6,7,0.7,0.7,7,47,2008,12
Bay,1,5.6,6.5,0.6,0.85,12,49,2008,12
A,0,6.9,6.5,0.5,0.8,4,38,2009,1
A,0,5.2,6.5,0.8,0.9,10,55,2009,2
A,0,3.7,6.5,0.4,0.6,19,61,2009,4
A,0,4.1,7,0.5,0.7,21,61,2009,5
A,0,4.2,7,0.5,0.5,16,73,2009,6
A,0,3.2,6.5,0.45,0.45,27,72,2009,7
A,0,3.5,6.5,0.5,0.5,29,80,2009,8
A,0,1.9,6.5,0.3,0.6,24,70,2009,9
A,0,6.3,6.5,0.5,0.5,14,42,2009,10
A,0,6.4,6.5,0.7,0.7,12,46,2009,12
B,0,8,7,0.3,0.3,4,38,2009,1
B,0,8,7,0.25,0.25,10,55,2009,2
B,0,5.3,8,0.4,0.6,21,62,2009,4
B,0,4.8,9,0.1,0.3,20,61,2009,5
B,0,0.8,8.5,0.2,0.2,27,73,2009,6
B,0,1.8,7,0.5,0.5,25,72,2009,7
B,0,4.3,7.5,0.4,0.4,29,81,2009,8
B,0,1.1,6.5,0.1,0.6,24,78,2009,9
B,0,6.8,7,0.5,0.5,13,58,2009,10
B,0,5.3,7,0.58,0.58,10,47,2009,12
C,0,8.4,7,0.5,0.5,1,26,2009,2
C,0,7.5,6.5,0.5,0.5,8,40,2009,3
C,0,5.3,6.5,0.5,0.5,12,48,2009,4
C,0,4.2,6.5,0.35,0.35,26,75,2009,7
C,0,4.6,7.5,0.6,0.6,22,70,2009,9
C,0,4.2,7,0.3,0.3,21,69,2009,10
C,0,5.3,6.5,0.5,0.5,16,58,2009,11
C,2,6.3,6.5,0.67,0.67,11,51,2009,12
D,0,9.7,6.5,0.7,1.4,2,26,2009,2
D,0,6.7,6.5,0.5,1.5,14,48,2009,4
D,0,5,7,0.6,1.7,23,70,2009,5
D,0,4,6.5,0.7,1.5,26,73,2009,6
D,0,4,6.5,1.6,1.7,26,75,2009,7
D,1,7.7,6,0.5,1.5,21,70,2009,9
D,0,3.8,6,1.6,1.7,20,69,2009,10
D,0,6,6,0.8,1.6,15,58,2009,11
D,2,7.2,5.5,1.3,1.65,10,51,2009,12
Bay,0,6.4,7,0.03,0.03,5,38,2009,1
Bay,1,9.1,7,0.3,0.3,2,26,2009,2
Bay,1,9,7,3.5,3.5,12,55,2009,2
Bay,1,9,7,0.3,0.3,12,40,2009,3
Bay,0,7.5,7,0.3,0.8,15,48,2009,4
Bay,0,6.9,7,0.5,1.1,21,69,2009,5
Bay,0,8.1,8.5,0.03,0.03,19,60,2009,5
Bay,0,5.8,8.5,0.5,0.5,24,73,2009,6
Bay,0,6.6,9,0.7,0.7,24,73,2009,6
Bay,2,5.3,9,0.8,0.8,25,75,2009,7
Bay,1,3.1,8.5,0.65,0.65,25,72,2009,7
Bay,0,3.3,8.5,0.8,0.8,28,80,2009,8
Bay,0,3,7.5,0.8,0.8,27,80,2009,8
Bay,2,2.7,7,0.6,0.6,22,70,2009,9
Bay,2,4.1,7,0.8,0.8,24,70,2009,9
Bay,1,6.9,7,0.8,0.8,20,69,2009,10
Bay,0,2.3,7,0.4,0.4,12,56,2009,10
Bay,0,7.6,6.5,0.8,0.8,16,60,2009,11
Bay,2,7.2,7,0.7,0.9,16,58,2009,11
Bay,0,7.8,6.5,0.82,0.88,10,46,2009,12
A,0,5.7,6,0.5,0.7,12,44,2010,3
A,0,4,6.5,0.5,0.6,18,59,2010,4
A,0,4.6,6.5,0.6,0.7,20,59,2010,5
A,0,4.5,6.5,0.5,0.5,29,81,2010,6
A,0,4.1,6.5,0.5,0.9,28,84,2010,7
A,0,4.2,6.5,0.8,0.9,28,86,2010,8
A,0,4,7.5,0.5,0.8,26,75,2010,9
A,0,8.2,6.5,0.9,0.9,14,60,2010,11
B,0,8.1,7,0.55,0.6,11,44,2010,3
B,0,4,6.5,0.4,0.4,16,60,2010,4
B,0,5.2,7.5,0.4,0.4,16,59,2010,5
B,0,4.2,7,0.2,0.2,28,81,2010,6
B,0,3.7,7,0.4,0.4,29,84,2010,7
B,0,3.2,9,0.2,0.35,26,75,2010,9
B,0,4.3,8.5,0.2,0.2,16,60,2010,11
B,0,4.3,7,0.4,0.4,3,31,2010,12
C,0,9.5,6.5,0.6,0.6,7,40,2010,3
C,0,5.1,6.5,0.5,0.5,22,72,2010,4
C,0,4.9,6.5,0.3,0.3,24,76,2010,5
C,0,5.1,7,0.3,0.3,25,77,2010,6
C,0,5.2,7.5,0.4,0.4,30,82,2010,7
C,0,4.5,6.5,0.4,0.4,28,83,2010,8
C,0,2.3,7,0.6,0.6,27,76,2010,9
C,0,7.3,7.5,0.5,0.5,13,55,2010,11
C,0,8.8,7,0.5,0.5,2,30,2010,12
D,0,8.7,6.5,1.2,1.5,6,40,2010,3
D,0,6.3,6,0.7,1.7,22,72,2010,4
D,0,5,6.5,0.8,1.5,25,76,2010,5
D,0,5.2,6,0.7,1.5,25,77,2010,6
D,0,5.2,6.5,0.7,1.2,31,81,2010,7
D,0,6,6.5,0.8,1.2,28,82,2010,8
D,0,2.7,6.5,0.85,1.2,26,76,2010,9
D,0,5.9,6.5,0.8,1.3,19,68,2010,10
D,0,7.2,6.5,1,1.4,13,55,2010,11
D,0,10.3,6,1.1,1.1,2,30,2010,12
Bay,0,7.7,6.5,0.2,0.4,10,40,2010,3
Bay,0,7.9,6.5,0.3,0.8,10,44,2010,3
Bay,1,5.9,6.5,0.8,1,20,72,2010,4
Bay,1,6.7,6.5,0.6,0.6,16,58,2010,4
Bay,0,6.5,7,0.75,0.9,23,76,2010,5
Bay,0,7,6.5,0.5,0.6,17,59,2010,5
Bay,0,6.8,7,0.7,0.9,25,77,2010,6
Bay,0,5.4,7,0.5,0.5,28,80,2010,6
Bay,0,3.6,8.5,0.4,0.45,29,81,2010,7
Bay,0,3.9,7,0.7,1,27,82,2010,7
Bay,0,5.1,7,0.5,0.5,26,82,2010,8
Bay,0,3.1,8,0.5,0.9,27,86,2010,8
Bay,0,3.3,7,0.5,0.7,26,76,2010,9
Bay,0,5,8.5,0.6,0.8,26,74,2010,9
Bay,0,5,7.5,0.4,0.4,12,55,2010,11
Bay,0,6.7,8,0.5,0.8,15,60,2010,11
Bay,0,5.7,7,0.3,0.5,4,30,2010,12
A,0,3,6.5,0.4,1,14,48,2011,3
A,0,4,6.5,0.3,0.3,24,76,2011,4
A,0,2.4,7.5,0.7,0.8,28,79,2011,5
A,0,5.7,7.5,0.5,0.8,27,87,2011,6
A,0,3.2,7.5,0.8,0.8,31,87,2011,7
A,0,5,6.5,0.5,0.8,27,78,2011,9
A,0,4,6.5,0.7,0.8,22,75,2011,10
A,0,8,7,0.8,0.9,12,47,2011,12
B,0,7.2,6.5,0.4,0.4,5,32,2011,1
B,0,3.9,7,0.5,0.5,14,48,2011,3
B,0,5.8,8,0.3,0.3,27,89,2011,6
B,0,2.4,7,0.4,0.4,30,85,2011,7
B,0,3.1,6.5,0.1,0.2,27,78,2011,9
B,0,3,7,0.05,0.05,22,75,2011,10
B,0,7.9,7.5,0.2,0.2,19,60,2011,11
B,0,5,7,0.1,0.4,13,47,2011,12
C,0,5.1,6.5,0.6,0.8,5,40,2011,1
C,0,5.6,8,0.3,0.3,19,58,2011,4
C,0,3.6,7,0.17,0.17,23,76,2011,4
D,0,10,6.5,1.4,1.4,6,39,2011,1
D,0,6.9,6.5,0.9,1.4,19,58,2011,4
D,0,4.8,7,0.6,1.2,29,85,2011,6
D,0,5.6,6.5,0.8,1.1,27,76,2011,7
D,0,2,7,0.9,0.9,29,82,2011,8
D,0,4.6,6.5,0.6,1.4,25,78,2011,9
D,0,9.8,7,1,1.4,16,60,2011,12
Bay,0,3.1,6.5,0.2,0.45,5,31,2011,1
Bay,0,6.2,7,0.2,0.6,7,39,2011,1
Bay,0,3.8,6.5,0.2,0.6,8,46,2011,2
Bay,0,3.3,7,0.2,0.55,33,52,2011,3
Bay,0,3.5,7,0.4,0.6,16.5,58,2011,4
Bay,0,5.2,7,0.3,1.3,23,76,2011,4
Bay,0,3.7,7.5,0.5,0.9,25,79,2011,5
Bay,0,3.2,8,0.4,0.8,27,85,2011,6
Bay,0,5.6,8,0.5,0.9,26,80,2011,6
Bay,0,3,8.5,0.4,0.6,26,75,2011,7
Bay,0,2,9,0.5,0.7,29,85,2011,7
Bay,0,3.5,9,0.4,0.7,28,82,2011,8
Bay,0,5,7,0.6,1.1,26,78,2011,9
Bay,0,5.3,8,0.5,0.7,24,78,2011,9
Bay,0,4.2,7.5,0.5,0.7,21,75,2011,10
Bay,0,7.4,7.5,0.5,0.9,16,62,2011,10
Bay,0,5.2,7.5,0.7,0.7,16,60,2011,11
Bay,0,7.3,7,0.2,0.6,16,61,2011,11
Bay,0,7.9,7,0.35,0.7,12,47,2011,12
Bay,0,7.8,7,0.3,0.7,17,60,2011,12
A,0,8.2,6.5,0.9,0.9,12,53,2012,1
A,0,5.8,7,1,1,8,39,2012,2
A,0,7,7,0.6,0.7,14,51,2012,4
A,0,4.5,7,0.7,0.9,21,63,2012,5
A,0,4.9,7,0.6,0.7,22,69,2012,6
A,0,3,7,0.5,0.9,28,80,2012,8
A,0,4.3,6.5,0.7,0.7,28,80,2012,9
A,0,9,6.5,0.2,0.2,8,48,2012,11
B,0,6,7,0.3,0.3,11,54,2012,1
B,0,7.5,7,0.3,0.3,8,39,2012,2
B,0,6.3,7.5,0.2,0.4,16,69,2012,3
B,0,7,7.5,0.3,0.3,13,51,2012,4
B,0,6.7,7,0.5,0.5,20,64,2012,5
B,0,4.5,7.5,0.2,0.2,22,70,2012,6
B,0,2.9,7.5,0.3,0.4,27,80,2012,8
B,0,7.1,7,0.4,0.4,20,70,2012,10
B,0,9.7,7,0.4,0.4,9,49,2012,11
D,0,7.2,6.5,1.2,1.4,11,50,2012,1
D,0,10,6.5,1,1.5,8,46,2012,2
D,0,9.5,6.5,1.2,1.5,14,58,2012,3
D,0,7.4,6.5,0.8,1.4,17,63,2012,4
D,0,6.1,6.5,0.9,1.5,25,72,2012,5
D,0,5,6.5,0.6,1.3,27,73,2012,6
D,0,4.2,7,0.8,1.4,30,82,2012,7
D,0,5.5,6.5,0.7,1.4,26,76,2012,8
D,0,5.8,6.5,0.9,1.2,24,75,2012,10
D,0,5.5,7.5,0.6,0.8,22,70,2012,10
D,0,8.6,6,0.5,1.5,9,45,2012,11
D,0,8.8,6.5,0.9,1.6,9,48,2012,12
Bay,0,6.9,7.5,0.2,0.7,12,54,2012,1
Bay,0,6.5,7,0.2,0.8,11,50,2012,1
Bay,0,5.3,7.5,0.2,0.3,8,39,2012,2
Bay,0,6.2,7,0.2,0.2,8,46,2012,2
Bay,0,7.2,7,0.4,0.6,13,58,2012,3
Bay,0,6.5,8,0.4,0.6,11,51,2012,4
Bay,0,7.1,7.5,0.4,0.8,17,63,2012,4
Bay,0,5.3,8,0.4,0.7,19,63,2012,5
Bay,0,6.1,8.5,0.5,0.8,24,72,2012,5
Bay,0,3.9,8.5,0.5,0.7,22,69,2012,6
Bay,0,5.9,8.5,0.5,0.9,28,82,2012,7
Bay,0,6.1,8,0.5,0.7,25,77,2012,8
Bay,0,3.7,7,0.3,0.8,25,85,2012,9
Bay,0,4.8,8,0.5,0.7,24,75,2012,10
Bay,0,7.6,7,0.2,0.2,10,45,2012,11
Bay,0,8.9,7,0.1,0.5,7,48,2012,11
Bay,0,8.4,7,0.2,0.3,9,48,2012,12
A,0,6.9,6.5,0.8,0.9,8,48,2013,1
A,0,5.9,6,0.4,0.9,21,67,2013,4
A,0,5.6,7,0.5,0.6,22,70,2013,5
A,0,6.1,7.5,0.7,0.7,29,83,2013,6
A,0,4.1,7,0.7,0.9,26,81,2013,7
A,0,5.3,6,0.1,0.7,28,80,2013,8
A,0,4.8,7,0.6,0.6,26,75,2013,9
A,0,7,7,0.5,0.7,13,54,2013,11
B,0,5.8,7.5,0.4,0.4,20,68,2013,4
B,0,4.2,8,0.2,0.2,22,68,2013,5
B,0,5.4,8,0.2,0.2,29,83,2013,6
B,0,6.4,8,0.3,0.3,27,80,2013,8
B,0,5,7,0.2,0.2,11,51,2013,12
D,0,9.8,6.5,1.5,1.5,9,48,2013,2
D,0,10,6.5,1.4,1.6,8,48,2013,3
D,0,8.6,6.5,0.3,1.5,15,54,2013,4
D,0,5.5,6,0.5,1.5,24,72,2013,5
D,0,3.8,6.5,0.7,1.8,27,72,2013,7
D,0,6.8,7,0.9,1.3,26,79,2013,8
D,0,4.2,6.5,1.1,1.5,27,78,2013,8
D,0,6.1,6.7,0.9,1.1,20,69,2013,9
D,0,7,6.5,1,1.2,17,58,2013,10
D,0,9.6,6.5,1.2,1.2,12,52,2013,11
D,0,8.65,6.5,0.8,0.8,8,38,2013,12
Bay,0,8.5,7,0.4,0.5,9,48,2013,1
Bay,0,8.7,7,0.1,0.4,3,32,2013,1
Bay,0,7.7,7,0.7,2.5,9,45,2013,2
Bay,0,8.5,7,0.2,0.7,10,48,2013,2
Bay,0,10,7,0.2,0.3,8,48,2013,3
Bay,0,8,7,0.3,0.9,20,64,2013,4
Bay,0,8.9,7,0.2,0.2,14,54,2013,4
Bay,0,8.2,7,0.3,0.7,19,67,2013,5
Bay,0,6.1,7.5,0.4,0.9,24,72,2013,5
Bay,0,6.9,7.5,0.5,0.7,26,81,2013,6
Bay,0,6.7,7.5,0.4,0.9,26,78,2013,6
Bay,0,6.8,7.5,0.5,0.9,26,81,2013,7
Bay,0,5.9,8,0.5,0.8,26,72,2013,7
Bay,0,6.8,8.5,0.5,0.8,24,79,2013,8
Bay,0,6,8.5,0.5,0.7,26,78,2013,8
Bay,0,4.3,8,0.5,0.8,25,75,2013,9
Bay,0,6.1,8.5,0.3,0.4,19,69,2013,9
Bay,0,7.9,7,0.7,0.8,16,58,2013,10
Bay,0,9.8,7.5,0.4,0.6,11,54,2013,11
Bay,0,7.1,7,0.3,0.5,12,52,2013,11
Bay,0,7,7.5,0.2,0.5,11,50,2013,12
Bay,0,8.35,7,0.2,0.5,8,38,2013,12
D,0,7.9,6.5,1.1,1.2,5,26,2014,1
Bay,0,7.3,7,0.1,0.4,5,26,2014,1
A,0,6.8,6.5,0.5,0.5,11,53,2014,1
Bay,0,8.7,7,0.4,0.6,11,53,2014,1
D,0,10,6.5,0.8,1.4,2,29,2014,2
Bay,0,8.8,7,0.2,0.2,3,29,2014,2
A,0,6,6.5,0.3,0.5,9,41,2014,2
B,0,8.1,7,0.3,0.3,8,41,2014,2
Bay,0,6.9,7,0.3,0.5,9,41,2014,2
Bay,0,8.2,7.5,0.2,0.5,14,57,2014,3
D,0,8.2,6,1.2,1.4,14,54,2014,3
Bay,0,10,7,0.2,0.3,4,40,2014,3
D,0,8.2,6.5,0.9,1.6,16,53,2014,4
Bay,0,6.8,7,0.5,0.9,18,60,2014,5
D,0,6.6,6.5,0.5,1.5,19,60,2014,5
Bay,0,7.3,7.5,0.4,0.5,18,67,2014,5
A,0,3,6.5,0.2,0.3,21,67,2014,5
B,0,3.86,7.5,0.5,0.5,20,68,2014,5
Bay,0,5.4,7,0.4,0.8,15,72,2014,6
A,0,0,7,0.5,0.7,27,74,2014,6
B,0,0,8,0.3,0.3,27,23,2014,6
C,0,4.3,7,0.8,1.3,27,23,2014,6
A,0,4,7,0.6,0.6,25,78,2014,6
B,0,6,7,0.1,0.1,27,78,2014,6
Bay,0,4.2,8,0.4,0.6,24,78,2014,6
D,0,5.8,6.5,1,1.3,28,83,2014,7
Bay,0,4.2,7.5,0.5,0.8,25,83,2014,7
Bay,0,3.7,7.5,0.4,0.6,26,80,2014,7
D,0,5.3,7,0.8,1.3,27,80,2014,7
Bay,0,3.9,8,4.5,7.5,25,79,2014,8
A,0,3,8,0.1,0.1,26,80,2014,8
B,0,2.4,6.5,0.5,0.8,26,80,2014,8
D,0,5.3,6.5,1,1.5,25,78,2014,8
Bay,0,3.9,8.5,0.35,0.45,24,78,2014,8
A,0,4.6,6.5,0.4,0.4,24,75,2014,9
B,0,3.7,6.5,0.2,0.2,25,75,2014,9
Bay,0,2.7,7.5,0.5,0.8,24,75,2014,9
Bay,0,7,8,0.4,0.6,20,63,2014,9
A,0,6.4,7,0.3,0.3,20,67,2014,10
B,0,5.9,7,0.1,0.1,17,67,2014,10
D,0,7.6,6,1.3,1.3,18,68,2014,10
Bay,0,6.5,7.5,0.4,0.7,16.5,68,2014,10
Bay,0,7,7,0.3,0.4,13,51,2014,11
A,0,7.2,6.5,0.3,0.3,14,51,2014,11
B,0,6.2,7.5,0.15,0.15,13,51,2014,11
Bay,0,9.8,7,0.4,0.6,11,48,2014,12
D,0,9.7,6,1.2,1.2,10,48,2014,12
Bay,0,7.6,9,0.5,0.5,11,42,2014,12
A,0,7.3,7,0.6,1,7,42,2014,12
B,0,6.3,6.5,0.15,0.15,7,42,2014,12
Bay,0,8.9,7,0.4,0.6,9,38,2015,1
D,0,9,6.5,1.3,1.5,9,38,2015,1
Bay,0,8.3,7,0.2,0.6,7,44,2015,1
D,0,9,6.5,1,1.4,8,45,2015,1
A,0,9.7,6.5,0.4,0.5,3,32,2015,2
B,0,7.6,6.5,0.3,0.3,3,35,2015,2
D,0,10,6.5,0.1,0.15,0,25,2015,2
Bay,0,9.2,7,0.2,0.2,3,25,2015,2
Bay,0,7.1,7,0.3,0.9,20,65,2015,4
A,0,4,6.5,0.3,0.4,19,65,2015,4
Bay,0,8.2,7,0.2,0.6,15,64,2015,4
D,0,7.4,6.5,0.9,1.3,16,64,2015,4
Bay,0,10,7,0.3,0.3,9,40,2015,3
B,0,10,7,0.4,0.5,9,41,2015,3
A,0,7.8,7,0.3,0.3,10,41,2015,3
Bay,0,6.3,7.5,0.3,0.6,20,65,2015,5
D,0,7.7,7,1.1,1.3,20,65,2015,5
Bay,0,4.3,7.5,0.4,0.9,25,74,2015,6
D,0,5.8,7,0.2,0.9,27,75,2015,6
Bay,0,5,8.5,0.4,0.8,26,78,2015,6
B,0,4,8,0.5,0.5,27,83,2015,6
A,0,5.1,8,0.5,0.6,28,84,2015,6
B,0,7,7.5,0.3,0.3,31,82,2015,7
A,0,6,7.5,0.4,0.4,30,82,2015,7
Bay,0,7,9,0.5,0.8,27,81,2015,7
Bay,0,4.5,8,0.3,0.3,23,73,2015,9
Bay,0,2.9,9,0.05,0.05,26,81,2015,9
Bay,0,5.5,7,0.3,0.5,18,65,2015,10
A,0,6.7,7,0.4,0.4,15,52,2015,10
B,0,6,7,0.05,0.05,12,50,2015,10
Bay,0,4.9,7,0.4,0.6,12,50,2015,10
D,0,6.6,6.5,1.2,1.3,18,65,2015,11
Bay,0,6.6,7,0.4,0.6,28,65,2015,11
Bay,0,5.5,7.5,0.25,0.8,13,55,2015,11
A,0,6.5,6.5,0.5,0.5,15,56,2015,11
B,0,8,7,0.1,0.1,14,55,2015,11
D,0,6.6,6,0.7,1.8,16,63,2015,12
Bay,0,7.9,7,0.5,0.8,17,63,2015,12
D,0,6.2,6,0.7,1.4,19,59,2015,12
Bay,0,8.7,7,0.7,0.9,18,59,2015,12
A,0,6.5,6.5,0.5,0.8,7,39,2016,1
Bay,0,9.1,7,0.5,0.9,5,39,2016,1
B,0,6.6,6.5,0.3,0.3,5,40,2016,1
D,0,10,5.5,0.6,1.3,3,27,2016,2
Bay,0,9.5,7,0.1,0.2,5,27,2016,2
Bay,0,9,7,0.4,0.6,11,48,2016,2
A,0,7.5,6.5,0.5,1,11,48,2016,2
Bay,0,9.5,7,0.3,0.7,11,60,2016,3
D,0,9.5,6.5,0.9,1.8,12,60,2016,3
A,0,7.1,6.5,0.6,0.6,11,48,2016,3
B,0,6.5,7,0.3,0.3,11,50,2016,3
Bay,0,7.1,7,0.4,0.4,10,48,2016,3
D,0,6,6.5,0.9,1.3,14,48,2016,4
Bay,0,7.9,7,0.3,0.3,13,48,2016,4
Bay,0,4.5,7,0.4,0.9,21,65,2016,5
A,0,3.9,7.5,0.4,0.4,28,82,2016,8
B,0,4.2,8.5,0.01,0.01,28,81,2016,8
Bay,0,4.3,8.5,0.3,0.5,27,81,2016,8
Bay,0,3.2,7,0.9,1,23,75,2016,9
A,0,3.8,6.5,0.5,0.5,22,70,2016,10
B,0,2.9,6.5,0.3,0.3,25,70,2016,10
D,0,6,6.5,0.5,1.4,25,66,2016,10
B,0,3.8,6.5,0.2,0.2,16,60,2016,11
A,0,4.4,6.5,0.2,0.4,16,60,2016,11
Bay,0,6.3,6.7,0.7,0.7,17,60,2016,11
D,0,8.8,6.5,1,1.3,14,55,2016,11
Bay,0,9,7,0.7,0.8,13,55,2016,11
Bay,0,7.6,7,0.4,0.5,11,48,2016,12
D,0,10,6.5,0.9,1.1,11,48,2016,12
Bay,0,6.7,7,3,3.5,5,38,2016,12
D,0,10,6.5,1.7,1.7,5,38,2016,12
Bay,0,3.2,7,0.3,0.6,9,45,2017,1
B,0,7.6,6.5,0.3,0.5,8,45,2017,1
D,0,10,6.5,0.9,1.3,10,58,2017,2
Bay,0,8.2,7,0.3,0.6,9,58,2017,2
A,0,5.7,6.5,0.5,0.9,13,50,2017,2
Bay,0,5.2,7,0.3,0.5,13,48,2017,2
B,0,5.2,7,0.5,0.5,12,48,2017,2
Bay,0,7.1,7,0.3,0.5,13,47,2017,3
D,0,10,6.5,1.6,1.6,12,47,2017,3
B,0,5,7,0.3,0.3,10,51,2017,3
Bay,0,3.2,7,0.3,0.3,10,50,2017,3
A,0,4.2,6.5,0.6,0.8,22,72,2017,5
A,0,3.6,7,0.8,0.9,27,82,2017,7
B,0,3.9,7,0.5,0.5,26,72,2017,6
B,0,4.2,7,0.2,0.2,28,81,2017,7
D,0,7.3,6,1,1.1,17,61,2017,4
D,0,6.5,6.5,0.8,1.7,19,62,2017,5
D,0,4.6,6.5,0.7,1.6,22,64,2017,6
D,0,5.3,6.5,0.7,1.1,29,75,2017,7
Bay,0,6,6,0.4,0.7,20,61,2017,4
Bay,0,5,6,0.4,0.4,18,62,2017,5
Bay,0,6.9,7,0.5,0.9,20,72,2017,5
Bay,0,3.5,6,0.6,0.9,21,64,2017,6
Bay,0,4.3,6.5,0.5,1,25,72,2017,6
Bay,0,4.7,7,0.4,0.9,27,75,2017,7
Bay,0,6.2,7,0.4,0.9,26,81,2017,7
D,0,6.2,6.5,1,1.1,19,70,2017,4
Bay,0,4.2,6.25,0.2,0.9,19,69,2017,4
Bay,0,6.2,7,0.4,0.9,25,70,2017,8
D,0,5.8,6.5,1,1.7,20,72,2017,9
Bay,0,6,7,0.3,0.3,20,72,2017,9
B,0,3,7,0.1,0.1,24.5,78,2017,9
D,0,5.8,6.5,1.8,2.1,26,74,2017,10
Bay,0,5.2,7,1.5,1.9,25,74,2017,10
Bay,0,7.1,7,0.35,0.8,26,54,2017,10
A,0,6.8,6.5,0.2,0.4,27,54,2017,10
B,0,4.1,6.5,0.2,0.2,26,54,2017,10
B,0,5.2,6.5,0.2,0.2,6,48,2017,11
D,0,9.9,6.5,1.3,1.3,7,48,2017,12
Bay,0,10,7,0.6,0.8,9,48,2017,11
Bay,0,10,7,0.6,0.8,9,48,2017,12
A,0,8,6.5,0.7,0.9,7,40,2018,3
A,0.1,4,6.5,5.5,7,26,84,2018,5
A,0.1,4.7,4.8,0.5,0.5,27,76,2018,6
A,0,3.8,6.5,0.4,1.2,28,78,2018,8
A,0.09,4.4,6.5,0.3,0.5,28,80,2018,9
A,0,10,7,1,1,3,30,2018,1
B,0,7.7,6.5,0.4,0.5,3,30,2018,1
B,0,9.8,6.5,0.2,0.2,5,40,2018,3
B,1,8,6.5,0.4,0.4,10,48,2018,4
B,0.6,4.9,7,0.4,0.4,26.1,74,2018,5
B,0.7,3.7,7,0.2,0.2,26,76,2018,6
B,0,7.3,6.5,0.2,0.2,27,77,2018,8
B,0,5,6.5,0.2,0.2,28,80,2018,9
D,0,10,6.5,1.6,1.6,4,37,2018,1
D,0,9.5,6.5,1.3,1.4,6,45,2018,2
D,0,10,6.5,1,1.5,8,47,2018,3
D,0,6.3,6.5,0.8,1.2,21.4,63,2018,5
D,0,5,6.5,0.8,1.3,27,82,2018,6
D,0,4,6.5,0.5,1.6,28,82,2018,8
D,0,3.2,6.5,0.8,1.3,30,83,2018,9
D,0,5,6.5,0.4,1.4,25,80,2018,9
Bay,0,8,7,0.1,0.2,4,30,2018,1
Bay,0,6,6,0.5,0.5,5,45,2018,2
Bay,0,9.2,7,0.1,0.1,9,47,2018,3
Bay,0,8.8,6,0.2,0.5,6,40,2018,3
Bay,0.66,7.9,6.5,0.1,0.9,17,70,2018,4
Bay,1.2,7.8,6.5,0.2,1,14,48,2018,4
Bay,0.18,6,6.5,0.2,0.4,20,62,2018,5
Bay,2.3,6.9,6.5,0.4,0.9,25,73,2018,5
Bay,0.1,5.6,7,0.5,0.9,24,82,2018,6
Bay,2.6,6.2,7,0.6,0.9,26,80,2018,7
Bay,1.9,3.8,7,0.5,1.2,26,82,2018,8
Bay,2.1,6,7,0.5,0.9,26,76,2018,8
Bay,1.9,6.2,7.5,0.4,0.7,28,82,2018,9
Bay,1.6,4.2,7,0.4,1,25,78,2018,9
A,0,4.9,7,0.4,0.6,25,69,2019,5
A,0,3.6,7,0.5,0.5,28,84,2019,8
A,0,4.6,7,0.6,0.6,23,71,2019,9
A,0,5.9,7,0.5,1,20,63,2019,10
B,0,4.1,7,0.3,0.3,27,69,2019,5
B,0,4.7,6.5,0.2,0.2,23,71,2019,9
B,0,4.6,6.5,0.2,0.2,20,63,2019,10
D,0.24,4.8,6.5,0.7,0.13,24,70,2019,5
D,0,4.1,7,0.6,1.1,15,72,2019,6
D,0,5.9,7,0.4,1.1,28,86,2019,7
D,0,3.6,6.5,0.7,1.2,25,79,2019,8
D,0,5.5,7,0.5,1.2,28,80,2019,9
Bay,0.7,4,6.5,0.3,1,22,68,2019,4
Bay,0.8,5.3,7,0.4,0.7,22,69,2019,5
Bay,0.8,6.9,7,0.4,0.9,22,69,2019,5
Bay,9,4.2,8,0.4,0.9,24,72,2019,6
Bay,0,6.5,7.5,0.4,0.9,26,85,2019,7
Bay,0.01,4.4,7.5,0.4,0.8,25,79,2019,8
Bay,0,4,7,0.4,1,26,82,2019,8
Bay,0,4.5,9,0.4,0.9,27,79,2019,9
Bay,0.5,4.1,7.5,0.4,0.4,22.8,71,2019,9
Bay,0.5,6.2,7,0.5,0.9,19,63,2019,10
A,0,10,7,0.4,1.3,10,46,2019,2
A,0,7,6.5,0,0.4,11,44,2019,3
B,0,8.7,6.5,0.4,0.4,10,46,2019,2
B,0,9.5,7,0.3,0.3,12,44,2019,3
D,0,10,6.5,1,1.5,13,46,2019,2
D,0,8.3,6.5,1,1.4,16,59,2019,3
D,0,6.7,6.5,0.9,1.4,20,57,2019,4
Bay,0,6,7,0.4,0.6,15,56,2019,2
Bay,0.7,10,6.5,0.4,0.6,12,46,2019,2
Bay,0.6,8.7,6.5,0.4,0.8,15,59,2019,3
Bay,0.6,10,6.5,0.1,0.4,12,44,2019,4
Bay,0,7.4,6.5,0.2,0.7,19,57,2019,4
A,0,5.7,7,0.2,0.4,25,79,2015,8
A,0,10,7.5,0.2,0.2,29,83,2015,9
B,0,3.2,8.5,0.2,0.2,23,79,2015,8
B,0,2.3,8,0.3,0.3,24,73,2015,9
D,0,6.1,6,0.9,1.1,27,82,2015,8
D,0,4.8,7,0.6,0.9,28,82,2015,9
Bay,0,6.3,9,0.4,0.4,26,82,2015,8
Bay,0,5,8.5,0.4,0.7,23,79,2015,8
A,0,6.6,6.5,0.2,0.7,15,58,2018,10
B,0.1,6.7,6.5,0.2,0.2,15,58,2018,10
B,0.1,5,7,0.4,0.5,13,49,2018,10
D,0,6,6.5,0.7,1.2,26,78,2018,10
D,0,6.9,6.5,0.9,1.3,20,65,2018,11
Bay,1.9,5,7,4,1.2,25,78,2018,10
Bay,0,9,7,0.3,0.6,18,58,2018,10
Bay,0.9,2.9,7,0.4,0.9,13,49,2018,10
